doi,error_code,error_reason,fosm_institutions,openalex_french_institutions,openalex_french_raw_affiliations
10.1136/bmj.n71,17,,,"['Université Paris Cité', 'Inserm']","['Université de Paris, Centre of Epidemiology and Statistics (CRESS), Inserm, F 75004 Paris, France']"
10.1016/j.ijsu.2021.105906,17,,,"['Université Paris Cité', 'Inserm']","['Université de Paris, Centre of Epidemiology and Statistics (CRESS), Inserm, F 75004, Paris, France']"
10.1056/nejmoa2031054,10,no French affiliations detected in file 10.1056_92afaaba85459c7af8b55bc9e3c32849.json,,"['Assistance Publique – Hôpitaux de Paris', 'Université Paris Cité', 'Hôpital Necker-Enfants Malades']","['Necker–Enfants Malades Hospital, Assistance Publique–Hôpitaux de Paris, University of Paris, Paris']"
10.1097/ccm.0000000000005337,9,no affiliations detected in file 10.1097_a04176b841b839aaa9adae91d96ad1ec.json,,['University of Montpellier'],"['University of Queensland Centre for Clinical Research, Faculty of Medicine, The University of Queensland, Brisbane, Australia, Departments of Pharmacy and Intensive Care Medicine, Royal Brisbane and Women’s Hospital, Brisbane, Australia, Division of Anaesthesiology Critical Care Emergency and Pain Medicine, Nîmes University Hospital, University of Montpellier, Nîmes, France.']"
10.1109/cvpr46437.2021.01212,10,no French affiliations detected in file 10.1109_b9b487f5125c9baba76ed580d4c03ff4.json,,['Huawei Technologies (France)'],"['Huawei Technologies,Central Software Institution']"
10.1016/j.frl.2020.101604,11,DOI not indexed,,['EMLYON Business School'],"['EM Normandie Business School, Métis Lab, France.', 'International School, Vietnam National University, Hanoi, Vietnam']"
10.1007/s00134-021-06368-4,11,DOI not indexed,,['Université Paris Cité'],"['Cochin University Hospital (APHP) and University of Paris (Medical School), Paris, France']"
10.1056/nejmoa2103425,10,no French affiliations detected in file 10.1056_eb346c916d85462672aaaf9e3ae87f3c.json,,"['Hôpital Européen Georges-Pompidou', 'Université Paris Cité']","['Hôpital Européen Georges-Pompidou, University of Paris, Paris']"
10.1074/jbc,4,no publication year in Unpaywall for DOI 10.1074/jbc,,['Agroecology'],['Agroécologie [Dijon]']
10.1039/d1cs00056j,10,no French affiliations detected in file 10.1039_a8bb8738ccd25d25d4a7d2d520381858.json,,['Laboratory of Polymer Materials Engineering'],"['School of Materials Science & Engineering', 'Wuhan 430062', 'Ministry-of-Education Key Laboratory for the Green Preparation and Application of Functional Materials, Hubei Key Laboratory of Polymer Materials, School of Materials Science & Engineering, Hubei University, Wuhan 430062, China', 'Hubei Key Laboratory of Polymer Materials']"
10.1056/nejmoa2108749,10,no French affiliations detected in file 10.1056_5c2656f9865c38fbd5e63bf39b7d388f.json,,"['Institut Cardiovasculaire Paris Sud', 'Cardiovascular European Research Center', 'Générale de Santé']","['Department of Cardiology, Amsterdam University Medical Centers, Amsterdam', 'European Cardiovascular Research Institute', 'Ramsay Générale de Santé, Interventional Cardiology Department, Institut Cardiovasculaire Paris Sud', 'Cardiovascular European Research Center']"
10.1039/d0mh01985b,10,no French affiliations detected in file 10.1039_68543bc26fd312cf352dbff8a32b1a52.json,,['Laboratory of Polymer Materials Engineering'],"['Sichuan University', 'College of Polymer Science and Engineering, State Key Laboratory of Polymer Materials Engineering, Sichuan University, Chengdu, Sichuan 610065, China', 'State Key Laboratory of Polymer Materials Engineering', 'College of Polymer Science and Engineering', 'China', 'Chengdu']"
10.15585/mmwr.mm7047e1,9,no affiliations detected in file 10.15585_5dd657be19e20c4614e768db5d5ba546.json,,['Computer Emergency Response Team'],['CDC COVID-19 Response Team.']
10.1001/jama.2021.17272,10,no French affiliations detected in file 10.1001_97b7d146f7129ac07d7549ce73335c4c.json,,['Association Clinique et Thérapeutique Infantile du Val de Marne'],['for the ACTIV-4B Investigators']
10.1039/d0mh01317j,10,no French affiliations detected in file 10.1039_17bd69f05f010a7ea89df975e74d9263.json,,['Laboratory of Polymer Materials Engineering'],"['China', 'College of Polymer Science and Engineering, State Key Laboratory of Polymer Materials Engineering, Sichuan University, Chengdu 610065, China', 'Chengdu 610065', 'State Key Laboratory of Polymer Materials Engineering']"
10.15585/mmwr.mm7003e1,9,no affiliations detected in file 10.15585_f0be335b7e4bcd28cd9c93041a448c41.json,,['Computer Emergency Response Team'],['CDC COVID-19 Emergency Response Team.']
10.17705/1jais.00655,9,no affiliations detected in file 10.17705_7bbad5b9438acc1bbff2b8351c7713c1.json,,"['University of Montpellier', 'Université Paul-Valéry Montpellier']",['Paul Valery University of Montpellier']
10.4000/books.pul.34447,11,DOI not indexed,,['Groupe de Recherche sur la Socialisation'],['Groupe de recherche sur la socialisation']
10.15585/mmwr.mm7015e2,9,no affiliations detected in file 10.15585_3abcbeb69bb06575ea8401833d6cf51f.json,,['Computer Emergency Response Team'],['CDC COVID-19 Response Team.']
10.1039/d0cs00556h,10,no French affiliations detected in file 10.1039_5d9ea08b825f1068642ef41d8ee40a28.json,,['Metabolism and Renal Physiology'],"['BioPharmaceuticals R&D', 'AstraZeneca', 'Renal and Metabolism', 'Medicinal Chemistry, Research and Early Development Cardiovascular, Renal and Metabolism, BioPharmaceuticals R&D, AstraZeneca, Gothenburg, Sweden', 'Research and Early Development Cardiovascular']"
10.21203/rs.3.rs-266574/v1,9,no affiliations detected in file 10.21203_1a68bbe48edff5ba78026be1be19e3bf.json,,['Novartis (France)'],['Novartis Pharmaceuticals']
10.1016/j.cej.2020.126796,10,no French affiliations detected in file 10.1016_1036e4379432d1e6637d159b1883f536.json,,['Laboratory of Solid State Physics'],"['Laboratory of Solid-State Physics and Magnetism, Department of Physics and Astronomy, KU Leuven, Celestijnenlaan 200D, B-3001 Leuven, Belgium']"
10.15585/mmwr.mm7018e2,9,no affiliations detected in file 10.15585_87166dcc982d0be2c1f6ed3f6bf2855c.json,,['Computer Emergency Response Team'],['CDC COVID-19 Response Team.']
10.1039/d0ee03506h,10,no French affiliations detected in file 10.1039_d60a74deeccc57387e19d633a6dd28bc.json,,['Laboratory of Polymer Materials Engineering'],"['and State Key Laboratory of Polymer Materials Engineering', 'Chengdu 610065', 'P. R. China', 'School of Chemical Engineering, and State Key Laboratory of Polymer Materials Engineering, Sichuan University, Chengdu 610065, P. R. China']"
10.1016/j.compbiomed.2021.104878,10,no French affiliations detected in file 10.1016_2415efdbf6e7a7957688ed00a914064d.json,,['Computer Science Department'],"['Computer Science Department, College of Information Technology, Hebron University, Hebron, Palestine']"
10.1002/14651858.cd013639.pub4,17,,,"['Sorbonne Paris Cité', 'Université Paris Cité']","['Obstetrical, Perinatal and Pediatric Epidemiology Research Team (EPOPé), Centre of Research in Epidemiology and Statistics (CRESS), UMR1153, Université de Paris, Paris, France.']"
10.1016/j.hrthm.2020.10.010,11,DOI not indexed,,['Centre Hospitalier Universitaire de Nantes'],"['CHU de Nantes, Nantes, France']"
10.1056/nejmoa2111016,10,no French affiliations detected in file 10.1056_6a3411cfde0c74549149269a483ba57c.json,,['University of Strasbourg'],"['Division of Cardiovascular Medicine, University Hospital of Strasbourg, Strasbourg, France, Tokyo']"
10.1039/d0mh01447h,10,no French affiliations detected in file 10.1039_9eb3155156fd7f196cb082d89c02f09f.json,,['Laboratory of Polymer Materials Engineering'],"['China', 'Chengdu 610065', 'State Key Laboratory of Polymer Materials and Engineering', 'College of Polymer Science and Engineering, State Key Laboratory of Polymer Materials and Engineering, Sichuan University, Chengdu 610065, China']"
10.1039/d0se01373k,10,no French affiliations detected in file 10.1039_bebaf9ee1518716eee9b9d19e18b3bfd.json,,['Materials Design (France)'],"['2000 Maribor', 'Slovenia', 'Institute of Engineering Materials and Design', 'University of Maribor, Faculty of Mechanical Engineering, Institute of Engineering Materials and Design, Smetanova ulica 17, 2000 Maribor, Slovenia', 'Faculty of Mechanical Engineering']"
10.1172/jci140100,10,no French affiliations detected in file 10.1172_2dbb1d2297fae33a766222cfd346e6d0.json,,['Biology of Infection'],"['Department of Pathology, Microbiology and Immunology, Vanderbilt University Medical Center, Nashville, Tennessee, USA.', 'Vanderbilt Institute for Infection, Immunology and Inflammation, and.']"
10.1088/2516-1083/abe0ad,7,landing page has not been downloaded,,"['International Transport Forum', 'VeDeCoM Institute']","['International Transport Forum in Paris, France', 'Institut VEDECOM, Versailles, France']"
10.5465/amj.2018.0620,9,no affiliations detected in file 10.5465_510f458a54db8269c5f2f11d43009ea2.json,,['Institute of Research and Innovation'],['Manchester Institute of Innovation Research']
10.1016/j.annonc.2020.11.008,11,DOI not indexed,,"['Hospices Civils de Lyon', 'Claude Bernard University Lyon 1', 'Hôpital Lyon Sud']","[""Service d'Hématologie, Hospices Civils de Lyon, Centre Hospitalier Lyon-Sud, Lyon"", 'Université Claude Bernard Lyon-1, Pierre-Benite, France']"
10.1039/d0tc05493c,9,no affiliations detected in file 10.1039_bcae67e9cca84aa062205442c470ac98.json,,['Laboratory of Polymer Materials Engineering'],"['China', 'Sichuan University', 'Chengdu 610065', 'College of Polymer Science and Engineering']"
10.1039/d1ee00056j,10,no French affiliations detected in file 10.1039_a9ce4eb6e2333af4a711f15797b20bc8.json,,['Computer Science Laboratory of Lille'],"['Laboratory of Photonics and Interfaces, Institute of Chemical Sciences and Engineering, EPFL, CH-1015 Lausanne, Switzerland', 'Switzerland', 'CH-1015 Lausanne', 'Institute of Chemical Sciences and Engineering', 'EPFL']"
10.15585/mmwr.mm7030e2,9,no affiliations detected in file 10.15585_90e98db30716a6433cf1c88132f4381e.json,,['Computer Emergency Response Team'],['CDC COVID-19 Response Team.']
10.1186/s12916-021-01982-x,10,no French affiliations detected in file 10.1186_74e1f8012d8fbb6a23ffc9f2e73773cc.json,,['Biology of Infection'],"['Division of Medicine, UCL, London, UK', 'Cell Biology of Infection Laboratory, The Francis Crick Institute']"
10.1088/1748-9326/ac018e,7,landing page has not been downloaded,,['International Energy Agency'],"['IEA, Energy Data Centre, Paris, France']"
10.5194/essd-13-3927-2021,11,DOI not indexed,,['Laboratory Evolution and Biological Diversity'],"['Laboratoire Ã\x89volution et DiversitÃ© Biologique, UMR 5174\n(CNRS/IRD/UPS), 31062 Toulouse CEDEX 9, France']"
10.1109/cvpr46437.2021.00326,10,no French affiliations detected in file 10.1109_9298a7a031ff0a1b7d1e413aafe9e8e9.json,,['École des Ponts ParisTech'],['Ecole des Ponts']
https://openalex.org/w2744921630,1,unable to access DOI webpage (404): https://openalex.org/w2744921630 may not be a DOI,,['University of Bordeaux'],['Université de Bordeaux']
10.15585/mmwr.mm7023e2,9,no affiliations detected in file 10.15585_82b221dc7d6128ba17d418558c2f8914.json,,['Computer Emergency Response Team'],['CDC COVID-19 Response Team.']
10.1101/2021.01.06.425392,10,no French affiliations detected in file 10.1101_bcdcbd84a1b710a47891efa314df44d1.json,,['Institut Pasteur'],"['Viral Populations and Pathogenesis Unit, CNRS UMR 3569, Institut Pasteur', 'Chemogenomic and Biological Screening Core Facility Institut Pasteur']"
10.1016/j.conbuildmat.2020.121454,10,no French affiliations detected in file 10.1016_685ddc680c53c3986287aefa32be379e.json,,['Arts et Metiers Institute of Technology'],"['Laboratory of Organic Chemistry, Catalysis and Environment, Department of Chemistry, Faculty of Sciences, Ibn Tofail University, BP 242, 14000, Kenitra, Morocco', 'Team of Innovative Materials and Mechanical Manufacturing Process, ENSAM, Moulay Ismail University, BP 15290, Al Mansour, Meknes, Morocco']"
10.1186/s40168-021-01028-7,10,no French affiliations detected in file 10.1186_0baedef94d4a968333332703c11026fa.json,,"[""Ministère de l'Agriculture et de la Souveraineté alimentaire""]","['College of Food Science and Nutritional Engineering, National Engineering Research Center for Fruit and Vegetable Processing, Key Laboratory of Fruits and Vegetables Processing, Ministry of Agriculture', 'Department of Anatomy, Histology and Embryology, Health Science Center, Peking University, Beijing, China', 'Engineering Research Centre for Fruits and Vegetables Processing, Ministry of Education, China Agricultural University, Beijing, China']"
10.5194/acp-21-1507-2021,17,,,"['French National Centre for Scientific Research', 'Institut Pierre-Simon Laplace']","['Centre National de Recherches MÃ©tÃ©orologiques,\nMÃ©tÃ©o-France-CNRS, Toulouse, France', 'Laboratoire Interuniversitaire des SystÃ¨mes AtmosphÃ©riques\n(LISA), UMR CNRS 7583, UniversitÃ© Paris-Est-CrÃ©teil, UniversitÃ©\nde Paris, Institut Pierre Simon Laplace, CrÃ©teil, France']"
10.1016/j.ajhg.2021.06.006,10,no French affiliations detected in file 10.1016_3c7120e6a4eec1484b90c6ac51a60c7f.json,,"['Genetics, Genomics and Bioinformatics']","['Durham, NC 27708, USA', 'University Program in Genetics and Genomics, Duke University', 'Department of Biostatistics and Bioinformatics, Duke University']"
10.1609/aaai.v35i5.16600,10,no French affiliations detected in file 10.1609_7b2e670ce7e84285cec0f2bf674a608e.json,,['Antea Group (France)'],['Ant Group']
10.1101/2021.08.09.21261290,10,no French affiliations detected in file 10.1101_5b90c508e6baf7130e597f3c733ae556.json,,['Vaccine Research Institute'],['The Vaccine Research Center']
10.1182/blood.2021011525,10,no French affiliations detected in file 10.1182_b19a39bf719772f0b9171013b4fcc352.json,,['Bipar'],"['Department of Pharmacology, and', 'Department of Biochemistry and Immunology,', 'Center for Research in Inflammatory Diseases,']"
10.1039/d1nr00323b,10,no French affiliations detected in file 10.1039_64ff1c4f640df8fc56d319643bf466cd.json,,['Institute of Analytical Sciences'],"['Zhengzhou Key Laboratory of Functional Nanomaterial and Medical Theranostic', 'College of Chemistry, Institute of Analytical Chemistry for Life Science, Zhengzhou Key Laboratory of Functional Nanomaterial and Medical Theranostic, Zhengzhou University, Zhengzhou 450001, P. R. China', 'Zhengzhou 450001', 'Institute of Analytical Chemistry for Life Science']"
10.1007/978-3-030-68386-3_7,11,DOI not indexed,,['University of Rennes 2'],"['University Rennes 2, Rennes, France']"
10.1051/0004-6361/201936291,9,no affiliations detected in file 10.1051_08630c7c025e8c0919a0e74005acce9f.json,,['Observatoire de la Côte d’Azur'],"[""University of Côte d'Azur""]"
10.1007/s00428-020-03007-z,11,DOI not indexed,,"['Institut Gustave Roussy', 'Institut Bergonié']","['Department of Surgery, Institut Gustave Roussy, Villejuif, FRANCE', 'Department of Radiation Oncology, Institut Gustave Roussy, Villejuif France', 'Clinical research Unit, Institut Bergonie, Bordeaux, France.']"
10.1038/d41586-021-03827-2,11,DOI not indexed,,"['Hôpital Européen Georges-Pompidou', 'Hôpital Européen', 'Sorbonne University', 'Université Paris Cité', 'Vaccine Research Institute', 'French National Centre for Scientific Research', ""Centre hospitalier régional d'Orléans"", 'Institut Pasteur', 'Inserm']","['Virus and Immunity Unit, Institut Pasteur, Université de Paris, CNRS UMR3569, Paris, France', 'Service de Maladies Infectieuses, CHR d’Orléans, Orléans, France', 'École Doctorale BioSPC 562, Université de Paris, Paris, France', 'Hub de Bioinformatique et Biostatistique, Institut Pasteur, Université de Paris, CNRS USR 3756, Paris, France', 'G5 Evolutionary Genomics of RNA Viruses, Institut Pasteur, Université de Paris, Paris, France', 'Structural Virology Unit, Institut Pasteur, Université de Paris, CNRS UMR3569, Paris, France', 'Laboratoire de Virologie, Service de Microbiologie, Hôpital Européen Georges Pompidou, Paris, France', 'Functional Genomics of Solid Tumors (FunGeST), Centre de Recherche des Cordelier, INSERM, Université de Paris, Sorbonne Université, Paris, France', 'Humoral Immunology Laboratory, Institut Pasteur, Université de Paris, INSERM U1222, Paris, France', 'Vaccine Research Institute, Créteil, France']"
https://openalex.org/w3111681398,1,unable to access DOI webpage (404): https://openalex.org/w3111681398 may not be a DOI,,['French Institute for Research in Computer Science and Automation'],[]
10.21105/joss.03272,9,no affiliations detected in file 10.21105_ff13463b6a70de139cd1d3d88cc3473e.json,,['Sciences Po'],['Sciences Po']
10.1016/j.eswa.2021.115131,10,no French affiliations detected in file 10.1016_89995fa55e06c762dbe816b1ade63c0b.json,,"[""Département d'Informatique""]","['Université des Sciences et de la Technologie d’Oran Mohamed Boudiaf, USTO-MB, BP 1505, EL M’naouer, 31000 Oran-Algérie - Laboratoire Signal Image PArole (SIMPA)-Département d’informatique, Faculté des Mathématiques et Informatique, Algérie']"
10.2139/ssrn.3780277,10,no French affiliations detected in file 10.2139_e7b111009aad510961377eca14a6ec55.json,,['Département Santé Animale'],['University of Glasgow Institute of Biodiversity Animal Health and Comparative Medicine']
10.1097/01.asw.0000733724.87630.d6,9,no affiliations detected in file 10.1097_de079f0ef653bc03417472c9d009f793.json,,['Bipar'],"['Clinical Coordinator, ECHO Ontario Skin and Wound Care, Toronto Regional Wound Healing Clinic, Mississauga, Ontario, Canada', 'Microbiology, Immunology and Infectious Disease', 'Senior Advisor, The John A. Hartford Institute for Geriatric Nursing, New York', 'Dr LeBlanc has disclosed that she is a speaker for Hollister, Coloplast, 3M, and Mölnlycke. Dr Ayello has disclosed that she has received educational/research grants from Sage/Stryker and Calmoseptine. Dr Sibbald has received grants from Mölnlycke, Calmoseptine, and the Government of Ontario for Project ECHO Skin and Wound. The remaining authors, faculty, staff, and planners, including spouses/partners (if any), in any position to control the content of this CME/NCPD activity have disclosed that they have no financial relationships with, or financial interests in, any commercial companies relevant to this educational activity.', 'Advanced Practice Nurse, Providence Care, Kingston, Ontario, Canada', 'President, Ayello, Harris, & Associates, New York, NY', 'Senior Consultant, Department of Dermatology, Mayo Clinic, Rochester, MN', 'Senior Nurse Scientist, Center for Innovations in the Advancement of Care, NYU Langone Health, New York, NY', 'Department of Surgery, Cantonal Hospital of Fribourg, Switzerland', 'Course Coordinator and Co-Director, WoundPedia, Mississauga, Ontario, Canada', 'Toronto Regional Wound Healing Clinic, Mississauga, Ontario, Canada', 'Professor Emeritus, Excelsior College of Nursing, Albany, New York', 'Supplemental digital content is available for this article. Direct URL citations appear in the printed text and are provided in the HTML and PDF versions of this article on the journal’s website (www.ASWCjournal.com).', 'Director, Wound Healing Clinic, Women’s College Hospital, Toronto, Ontario, Canada', 'Professor of Medicine and Public Health, Director, International Interprofessional Wound Care Course and Masters of Science in Community Health, Dalla Lana School of Public Health, University of Toronto, Ontario, Canada', 'Cumming School of Medicine, University of Calgary, Alberta, Canada', 'Professor of Surgery and Director, Southwestern Academic Limb Salvage Alliance, Keck School of Medicine, University of Southern California, Los Angeles', 'To earn CME credit, you must read the CME article and complete the quiz online, answering at least 7 of the 10 questions correctly. This continuing educational activity will expire for physicians on March 31, 2023, and for nurses March 3, 2023. All tests are now online only', 'Project Manager, ECHO Ontario Skin and Wound Care, Toronto Regional Wound Healing Clinic, Mississauga, Ontario, Canada', 'Assistant Professor, Departments of Medicine', 'Chief Executive Officer, Nurses Specialized in Wound, Ostomy & Continence Canada, Ottawa, Ontario, Canada', 'Chair, Wound Ostomy Continence Institute, Nurses Specialized in Wound Ostomy Continence Care Canada, Ottawa, Ontario, Canada', 'Podiatrist, Max Super Speciality Hospital, Bathinda, Punjab, India', 'Manager, Wound Care & Hyperbaric Oxygen Therapy Unit, King Hamad University Hospital, Muharraq, Kingdom of Bahrain', 'Family Physician, Trillium Health Partners, Mississauga, Ontario, Canada', 'Community Health Sciences', 'take the test at http://cme.lww.com for physicians and www.NursingCenter.com/CE/ASWC for nurses. Complete NCPD/CME information is on the last page of this article.', 'Manager, Wound Care/Surgical Units, Sheikh Khalifa Medical City, Abu Dhabi, United Arab Emirates', 'This is an open-access article distributed under the terms of the Creative Commons Attribution-Non Commercial-No Derivatives License 4.0 (CCBY-NC-ND), where it is permissible to download and share the work provided it is properly cited. The work cannot be changed in any way or used commercially without permission from the journal.']"
10.15585/mmwr.mm7012e4,9,no affiliations detected in file 10.15585_7c9adeaf026fd43c7bbb992ee025c688.json,,['Computer Emergency Response Team'],['CDC COVID-19 Response Team']
10.1109/icassp39728.2021.9414858,17,,,"['Institut Polytechnique de Bordeaux', 'University of Bordeaux', 'Laboratoire Bordelais de Recherche en Informatique']","['Airudit', 'LaBRI, University of Bordeaux']"
https://openalex.org/w3146097248,1,unable to access DOI webpage (404): https://openalex.org/w3146097248 may not be a DOI,,['Université Paris Cité'],[]
10.17487/rfc8966,9,no affiliations detected in file 10.17487_f76416bff91d99d126e4116464e3898e.json,,"['Laboratory Preuves, Programmes et Systèmes']","['Preuves, Programmes et Systèmes']"
https://openalex.org/w2410640268,1,unable to access DOI webpage (404): https://openalex.org/w2410640268 may not be a DOI,,['IEEE France section'],['Electronic and Electrical Engineering']
10.1609/aaai.v35i5.16604,10,no French affiliations detected in file 10.1609_7fb2df900ad4b3fb9c879c6409ec653c.json,,['Graduate School of Computer Science and Advanced Technologies'],"[""Ecole Pour l'Informatique et les Techniques Avancées""]"
10.3324/haematol.2021.279189,10,no French affiliations detected in file 10.3324_789dbcf04e2a6da17b03cc6c9b90d1e8.json,,['Hôpital Saint-Louis'],"['Saint-Louis Hospital, 1 avenue Claude Vellefaux, 75010 PARIS', 'European Society for Blood and Marrow Transplantation (EBMT), Passeig Taulat 116, 08005, Barcelona, Spain']"
10.15585/mmwr.mm7005a1,9,no affiliations detected in file 10.15585_7c971375d0e7e0f850453b818e75e064.json,,['Computer Emergency Response Team'],['CDC COVID-19 Response Team.']
10.15585/mmwr.mm7039e4,9,no affiliations detected in file 10.15585_5a79ae140a591c76bf815a39b5255456.json,,['Computer Emergency Response Team'],['CDC COVID-19 Response Team.']
10.1109/mcom.001.2000604,11,DOI not indexed,,['EURECOM'],"['Eurécom, France']"
10.1136/jitc-2021-002890,10,no French affiliations detected in file 10.1136_83ad14a756ef6ab8ad1a43e5709e0d89.json,,"['Sciences, Philosophie, Histoire']",['Project Data Sphere']
10.1056/nejmp2115675,10,no French affiliations detected in file 10.1056_cdaf4a44d880b304afadbf4278119ddf.json,,['National Academy of Medicine'],"['UnitedHealth Group, Minneapolis', 'Cardinal Health, Dublin, OH', 'NAM Action Collaborative, Grand Challenge on Climate Change and Human Health, National Academy of Medicine']"
10.1109/cvpr46437.2021.00204,10,no French affiliations detected in file 10.1109_4c19b2bdba063aab6b8bc016c9055621.json,,"['French Institute for Research in Computer Science and Automation', 'Observatoire de la Côte d’Azur', ""Université Côte d'Azur""]","['Inria', 'Université Côte d’Azur', 'European Systems Integration']"
10.1017/9781108936040.022,10,no French affiliations detected in file 10.1017_b0a667ddd30b1fa7d4ecc831a49936bb.json,,['Catholic University of Lyon'],['Catholic Lyon University']
10.1609/aaai.v26i1.8379,10,no French affiliations detected in file 10.1609_c7440978e43ff1a57c7fd78db73e5bac.json,,['Ford Motor Company (France)'],['Ford Motor Company']
10.1182/blood.2021011871,10,no French affiliations detected in file 10.1182_2fd48f0fe6158ef3b994004673ddc61b.json,,['Institute of Cardiovascular and Metabolic Diseases'],"['Institute for Cardiovascular and Metabolic Research, and', 'School of Biological Sciences, University of Reading, Reading, United Kingdom;', 'Institute of Cardiovascular Sciences, College of Medical and Dental Sciences, University of Birmingham, Birmingham, United Kingdom;']"
10.1109/mnet.2021.9387709,11,DOI not indexed,,['Orange (France)'],"['Orange Labs,France']"
10.1101/2021.01.07.21249390,10,no French affiliations detected in file 10.1101_a3c82f2648005d3506f0f9044e5bf598.json,,"['University of Paris-Saclay', 'Versailles Saint-Quentin-en-Yvelines University', 'Raymond Poincaré University Hospital', 'Institut Polytechnique de Paris', 'Assistance Publique – Hôpitaux de Paris', 'Inserm']","['Université Versailles SQY - Université Paris Saclay, Montigny-le-Bretonneux, France', 'Hospital Raymond Poincaré (Assistance Publique Hôpitaux de Paris), Garches, France', 'Université Paris Saclay - UVSQ – INSERM, Garches, France']"
10.3389/fmars.2021.711538,11,DOI not indexed,,"['Lille Center for European Research on Administration, Politics and Society', 'French Foundation for Biodiversity Research']","['School of International Development, University of East Anglia, Norwich, United Kingdom', 'FRB-CESAB, Montpellier, France', 'European School of Political and Social Sciences, Lille, France']"
10.1016/j.eclinm.2021.100780,10,no French affiliations detected in file 10.1016_9d51d30ac0673d9faa9aece004d38f07.json,,['INSEAD'],"['Harvard Medical School, Boston, MA, USA', 'Center for Global Development, Washington, DC, USA', 'Affiliate Professor, Technology and Operations Management, INSEAD']"
10.1016/j.ensm.2021.04.035,10,no French affiliations detected in file 10.1016_84812d1cafbc7cc05fc2e2cb1f5cf991.json,,['Électricité de France (France)'],"['R&D China, Électricité de France, Beijing 100005, China']"
10.1249/jes.0000000000000252,9,no affiliations detected in file 10.1249_101a462e9b01dc76f7b6dad29f8cb10f.json,,['Sciences Cognitives et Sciences Affectives'],"['Laboratory for the Study of Emotion Elicitation and Expression (E3Lab), Department of Psychology, University of Geneva, Geneva, Switzerland', 'Swiss Center for Affective Sciences']"
10.15585/mmwr.mm7018e3,9,no affiliations detected in file 10.15585_acd969eda66204a4538b742dae8c0bf4.json,,['Computer Emergency Response Team'],['CDC COVID-19 Response Team.']
10.1109/cvpr46437.2021.00163,10,no French affiliations detected in file 10.1109_6a2da1b5ee34b8e892edaa7733f2bb73.json,,['Institut de la Vision'],"['Shenzhen University,Computer Vision Institute, College of Computer Science and Software Engineering']"
10.1162/tacl_a_00359,10,no French affiliations detected in file 10.1162_b62d8dced47e934cada795bee5d76b78.json,,['Computer Science Department'],"['Computer Science Department, Bar Ilan University. alonjacovi@gmail.com']"
10.5194/essd-2021-386,16,"publication genre ""other"" (genre_raw : ""posted-content"") is not supported in the BSO",,"['Sorbonne University', 'Université de Toulouse', 'Atomic Energy and Alternative Energies Commission', 'Institut Pierre-Simon Laplace', 'Versailles Saint-Quentin-en-Yvelines University', ""Laboratoire d'Océanographie et du Climat : Expérimentations et Approches Numériques"", 'École Polytechnique', 'French National Centre for Scientific Research', 'CEA Saclay', 'Institut Polytechnique de Paris', 'Institut de Recherche pour le Développement', ""Laboratoire des Sciences du Climat et de l'Environnement""]","['College of Engineering, Mathematics and Physical Sciences, University of Exeter, Exeter EX4 4QF, UK', 'Laboratoire des Sciences du Climat et de lâ\x80\x99Environnement, LSCE/IPSL, CEA-CNRS-UVSQ, UniversitÃ©  Paris-Saclay, F-91198 Gif-sur-Yvette, France', 'Laboratoire de MÃ©tÃ©orologie Dynamique/Institut Pierre-Simon Laplace, CNRS, Ecole Normale SupÃ©rieure/UniversitÃ© PSL, Sorbonne UniversitÃ©, Ecole Polytechnique, Paris, France', 'LOCEAN/IPSL laboratory, Sorbonne UniversitÃ©, CNRS/IRD/MNHN, Paris, France', 'CNRM, UniversitÃ© de Toulouse, MÃ©tÃ©o-France, CNRS, Toulouse, France']"
https://openalex.org/w2970149641,1,unable to access DOI webpage (404): https://openalex.org/w2970149641 may not be a DOI,,"[""Laboratoire d'Informatique Gaspard-Monge""]","[""Laboratoire d'Informatique Gaspard-Monge""]"
10.1016/j.molcel.2021.05.024,11,DOI not indexed,,"['PSL Research University', 'French National Centre for Scientific Research', 'Sorbonne University', 'Institute Curie']","['Sorbonne University, Paris 75005, France', 'Institut Curie, PSL Research University, CNRS UMR 3244, Paris 75005, France']"
10.1080/00207543.2021.1950935,9,no affiliations detected in file 10.1080_a257468a1b1a9ebf2234364a5214c862.json,,"['Toulouse Business School', 'EDHEC Business School']","['Toulouse Business School, Toulouse, Midi-Pyrenees, France', 'EDHEC Business School, Roubaix, France']"
10.5194/esd-2021-90,16,"publication genre ""other"" (genre_raw : ""posted-content"") is not supported in the BSO",,"['French National Centre for Scientific Research', 'Sorbonne University', 'Institut Pierre-Simon Laplace']","['Institut Pierre-Simon Laplace, CNRS, Sorbonne UniversitÃ©, Paris, France']"
10.1039/d1ta04313g,10,no French affiliations detected in file 10.1039_bc26003aad797e1990dc06845f8e3d6b.json,,['Laboratory of Polymer Materials Engineering'],"['Lanzhou 730070', 'Key Laboratory of Eco-Environment-Related Polymer Materials of Ministry of Education, Key Laboratory of Polymer Materials of Gansu Province, College of Chemistry and Chemical Engineering, Northwest Normal University, Lanzhou 730070, China', 'College of Chemistry and Chemical Engineering', 'Key Laboratory of Polymer Materials of Gansu Province']"
10.1128/jvi,1,unable to access DOI webpage (404): 10.1128/jvi may not be a DOI,,"['Institut de Virologie', 'Animal, Santé, Territoires, Risques et Ecosystèmes']","['Département Systèmes Biologiques', 'Animal, Santé, Territoires, Risques et Ecosystèmes', 'Virologie UMR1161']"
https://openalex.org/w3170227631,1,unable to access DOI webpage (404): https://openalex.org/w3170227631 may not be a DOI,,['École Normale Supérieure - PSL'],[]
10.1038/s41590-021-01021-0,10,no French affiliations detected in file 10.1038_b146ed14a370b5eb94ce1a0c14037d83.json,,['Vaccine Research Institute'],"['Vaccine Research Center', 'Department of Immunology and Infectious Diseases, Harvard T.H. Chan School of Public Health, Boston, USA', 'National Institute of Allergy and Infectious Diseases, National Institutes of Health, Bethesda, USA']"
10.21203/rs.3.rs-1211792/v1,9,no affiliations detected in file 10.21203_3ff8b985040e7b950c7f4f1672b5eeb3.json,,['Vaccine Research Institute'],"['Vaccine Research Centre, NIH', 'Vaccine Research Center, NIH']"
https://openalex.org/w2990594533,1,unable to access DOI webpage (404): https://openalex.org/w2990594533 may not be a DOI,,"[""Département d'Informatique"", 'École Normale Supérieure - PSL']","[""Département d'informatique - ENS Paris"", 'Université Paris sciences et lettres', 'Statistical Machine Learning and Parsimony']"
10.1093/oso/9780198834625.001.0001,16,"publication genre ""other"" (genre_raw : ""edited-book"") is not supported in the BSO",,"['University of Paris-Saclay', ""Institut de Recherche sur les Lois Fondamentales de l'Univers"", 'Atomic Energy and Alternative Energies Commission', 'CEA Saclay', 'Institut Polytechnique de Paris']","['Scientific adviser at CEA and Academy member, IRFU/CEA, Paris-Saclay University']"
10.1093/cid/ciab352,17,,,"['Hôpital Saint-Antoine', 'Sorbonne University', 'Hôtel-Dieu de Paris', 'Université Paris Cité', 'Pierre Louis Institute of Epidemiology and Public Health', 'Assistance Publique – Hôpitaux de Paris', 'Inserm']","['Assistance Publique Hôpitaux de Paris, Paris, France', 'Department of Epidemiology, Columbia University Mailman School of Public Health, New York, New York, USA', 'Centre d’Epidémiologie Clinique, Hôpital Hôtel-Dieu, AP-HP, Paris, France', 'Service d’Accueil des Urgences, Hôpital Saint Antoine, AP-HP, Sorbonne Université, Paris,France', 'INSERM, Institut Pierre Louis d’Epidémiologie et de Santé Publique, UMR-S, Paris, France', 'Université de Paris, CRESS, INSERM, INRA, Paris, France']"
10.1109/comst.2020.3036826,17,,,['Cisco Systems (France)'],"['[Segment Routing Architecture Group, Cisco Systems, Paris, France]']"
10.1038/s41419-020-03302-2,10,no French affiliations detected in file 10.1038_896f5a5a9049887d5c206013be3973c1.json,,['Translational Research in Oncology'],"['Key Laboratory of Translational Radiation Oncology, Hunan Province', 'Department of Radiation Oncology, Hunan Cancer Hospital and The Affiliated Cancer Hospital of Xiangya School of Medicine, Central South University, Changsha, China']"
10.1101/2021.02.12.430472,11,DOI not indexed,,"['Inserm', 'Hôpital Européen Georges-Pompidou', 'François Rabelais University', 'Sorbonne University', 'Hôpital Européen', 'University of Strasbourg', 'Centre Hospitalier Universitaire de Tours', 'Université Paris Cité', 'Vaccine Research Institute', 'French National Centre for Scientific Research', 'Sorbonne Paris Cité', 'Centre de Recherche des Cordeliers', ""Centre hospitalier régional d'Orléans"", 'Institut Pasteur', 'Institut de Virologie', 'Department of Virology']","['Hôpital Européen Georges Pompidou, Service de Virologie, Paris, France', 'Virus & Immunity Unit, Department of Virology, Institut Pasteur, Paris, France', 'INSERM, Functional Genomics of Solid Tumors (FunGeST), Centre de Recherche des Cordeliers, Université de Paris and Sorbonne Université, Paris, France', 'Centre d’investigation Clinique INSERM 1434, CHU Strasbourg, France; CHU de Strasbourg, Service de Neurologie', 'CHRU de Tours, National Reference Center for HIV-Associated laboratory, Tours, France', 'CNRS UMR 3569, Paris, France', 'G5 Evolutionary Genomics of RNA Viruses, Institut Pasteur, Paris, France', 'CHU de Strasbourg, Service de Pathologie Professionnelle et Médecine du Travail, Strasbourg, France', 'Molecular Genetics of RNA Viruses, Department of Virology, Institut Pasteur CNRS UMR 3569', 'CHR d’Orléans, service de maladies infectieuses', 'Université de Strasbourg, INSERM, IRM UMR_S 1109, Strasbourg, France', 'INSERM U1259, Université de Tours, Tours, France', 'Université de Paris, Sorbonne Paris Cité, Paris, France', 'Vaccine Research Institute, Creteil, France', 'INSERM U1259, Université de Tours', 'CHU de Strasbourg, Laboratoire de Virologie, Strasbourg, France', 'Laboratory of Humoral Immunology, Department of Immunology, Institut Pasteur, INSERM U1222, Paris, France', 'Université de Paris, Paris, France']"
10.1038/s41467-021-22045-y,11,DOI not indexed,,"['Institute of Pharmacology and Structural Biology', 'French National Centre for Scientific Research']","['Institute of Pharmacology and Structural Biology (IPBS), University of Toulouse, CNRS, Toulouse, France']"
10.24963/ijcai.2021/142,9,no affiliations detected in file 10.24963_5d0d3fe7723870fb35b5cb77ddd0b9f3.json,,['Institut National des Sciences Appliquées de Rennes'],"['Institut National des Sciences Appliqu ́ees de Rennes, Rennes, France']"
10.24963/ijcai.2021/619,9,no affiliations detected in file 10.24963_b9e91a045b5a5333a986cdf0860be91c.json,,['EURECOM'],['Eurecom#TAB#']
10.1093/ije/dyab239,11,DOI not indexed,,"['University of Montpellier', ""Institut des Sciences de l'Evolution de Montpellier""]","['School of Anthropology, University of Oxford , Oxford, UK', ""Institut des Sciences de l'Évolution, Université de Montpellier , Montpellier, France""]"
https://openalex.org/w1656622334,1,unable to access DOI webpage (404): https://openalex.org/w1656622334 may not be a DOI,,['Toulouse School of Economics'],['Toulouse School of Economics']
10.1609/aaai.v26i1.8218,11,DOI not indexed,,"['Institut Polytechnique de Paris', 'French National Centre for Scientific Research', 'University of Paris-Sud']",['CNRS and Université Paris Sud']
10.1016/j.ensm.2020.08.036,17,,,['Thales (France)'],"['Chemistry and Multifunctional Materials Lab, Technology and measurements Department, Thales Research and Technology, 91767, Palaiseau, France']"
10.1016/j.cmi.2020.12.021,11,DOI not indexed,,"['Méditerranée Infection Foundation', 'Institut de Recherche pour le Développement', 'Aix-Marseille University']","['Aix Marseille University, IRD, AP-HM, MEPHI, Marseille, France', 'Thai Binh University of Medicine and Pharmacy, Thai Binh, Viet Nam', 'IHU-Méditerranée Infection, Marseille, France', 'Aix Marseille University, IRD, AP-HM, SSA, VITROME, Marseille, France']"
10.21203/rs.3.rs-155394/v1,9,no affiliations detected in file 10.21203_4bd59b6a7f7aa788478ee7aa91670665.json,,['Vaccine Research Institute'],"['Vaccine Research Center, NIAID, NIH']"
10.1098/rsif.2020.1000,10,no French affiliations detected in file 10.1098_7869df36fa407ea893ec856c6464dac8.json,,"['Université de Toulon', 'French National Centre for Scientific Research', 'Aix-Marseille University']","['Tokyo Tech World Research Hub Initiative (WRHI), Tokyo Institute of Technology, Tokyo, Japan', 'Aix Marseille Univ., CNRS, CPT, Turing Center for Living Systems, Université de Toulon, Marseille, France']"
10.1002/bse.2902,9,no affiliations detected in file 10.1002_b98e40563948be767efd1fb915b27cbe.json,,['Université Catholique de Lille'],"['Faculty of Management, Economics and Sciences, Lille Catholic University Lille France']"
10.1590/1678-992x-2019-0102,17,,,['Bayer (France)'],"['Bayer Crop Science, São Paulo, Brasil']"
10.3389/fmars.2021.620702,10,no French affiliations detected in file 10.3389_e9dc719ccccb37e5474a31c01c599595.json,,['Intergovernmental Oceanographic Commission of UNESCO'],"['Ocean Biodiversity Information System (OBIS), IOC Project Office for IODE, Intergovernmental Oceanographic Commission (IOC) of UNESCO, Oostende, Belgium']"
10.1108/ijm-03-2021-0173,11,DOI not indexed,,['NEOMA Business School'],"['Department of Information Systems, Supply Chain and Decision Making, NEOMA Business School, Reims, France']"
10.1109/cvpr46437.2021.01589,10,no French affiliations detected in file 10.1109_194a4df750306eb09ac5a4c7d191fc23.json,,['Huawei Technologies (France)'],"['Huawei Technologies,Zurich Research Center']"
10.1109/cvpr46437.2021.00498,10,no French affiliations detected in file 10.1109_32f518ca8f801fd9ed2251f2659d1d2e.json,,['Huawei Technologies (France)'],"['Central Software Institution, Huawei Technologies']"
10.1109/wacv48630.2021.00190,10,no French affiliations detected in file 10.1109_4eb4610544bbf76c4cc79ec04185a1c2.json,,['Computer Science Laboratory of Lille'],"['Harvard University', 'EPFL']"
10.1287/mnsc.2020.3791,7,landing page has not been downloaded,,['Hautes Études Commerciales de Paris'],"['Finance Department, HEC Paris, 78351 Jouy-en-Josas, France;']"
10.15585/mmwr.mm7011e2,9,no affiliations detected in file 10.15585_9cb4083261344dd17fa2861c77b55ff4.json,,['Computer Emergency Response Team'],['CDC COVID-19 Response Team.']
10.1039/d1tc00468a,10,no French affiliations detected in file 10.1039_3afa6a3d8ce03eca6c9cfe1e0978a8b5.json,,['Laboratory of Polymer Materials Engineering'],"[""People's Republic of China"", 'State Key Laboratory of Polymer Materials Engineering, Sichuan University', 'Chengdu', ""College of Polymer Science and Engineering, State Key Laboratory of Polymer Materials Engineering, Sichuan University, Chengdu, Sichuan, People's Republic of China""]"
10.1039/d1lc00266j,10,no French affiliations detected in file 10.1039_c5d9f4379d70428d02d2a20fd2b84ae4.json,,['Nanobiotix (France)'],"['Division of Nanobiotechnology', 'KTH Royal Institute of Technology, Division of Nanobiotechnology, Department of Protein Science, Science for Life Laboratory, Solna, Sweden', 'Solna', 'Department of Protein Science']"
10.1016/j.jaci.2020.05.022,10,no French affiliations detected in file 10.1016_bd35bf9f90fe2e7475d3dac39c1e4d3e.json,,['Sanofi (France)'],"['Immunology and Inflammation Therapeutic Area, Sanofi, Cambridge, Mass', 'Ragon Institute of MGH, MIT, and Harvard, Cambridge, Mass']"
10.1007/s10876-020-01950-0,10,no French affiliations detected in file 10.1007_6d4220295f20ae8372aa8e084494572d.json,,"['Laboratoire de Chimie', 'Laboratoire de Chimie Physique']","['Département de Génie Des Matériaux, Faculté de Chimie, Université Des Sciences Et de La Technologie Mohamed Boudiaf, Oran, Algérie', 'Laboratoire de Chimie Des Matériaux L.C.M, Université Oran1 Ahmed Ben Bella, Oran, Algérie', 'Laboratoire de Chimie Physique Macromoléculaire, Département de chimie, Université Oran1 Ahmed Ben Bella, Oran, Algérie']"
10.15585/mmwr.mm7002e4,9,no affiliations detected in file 10.15585_b155e60c5608c5121e2824232ba387ea.json,,['Computer Emergency Response Team'],['CDC COVID-19 Response Team.']
10.1371/journal.ppat.1009742,10,no French affiliations detected in file 10.1371_87975f59c4b578356108f7078ee92586.json,,['Gene Therapy Laboratory'],"['Department of Medicine III, University Hospital, LMU Munich', 'Munich, Germany', 'Laboratory for Translational Cancer Immunology, Gene Center, LMU Munich']"
10.1609/aaai.v26i1.8380,10,no French affiliations detected in file 10.1609_4de5789b8e24112f261fe65c6a8cd426.json,,['Université de Caen Normandie'],['Université  de Caen Basse-Normandie']
10.1016/j.cdc.2020.100619,10,no French affiliations detected in file 10.1016_f3978630168e35aa03dcd5cd9706d497.json,,['Arts et Metiers Institute of Technology'],"['Laboratory of Advanced Materials and Process Engineering, Department of Chemistry, Faculty of Sciences, Ibn Tofail University, BP 242, 14000, Kenitra, Morocco', 'Team of Innovative Materials and Mechanical Manufacturing Process, ENSAM, Moulay Ismail University, BP 15290, Al Mansour, Meknes, Morocco']"
10.1039/d1ra00353d,10,no French affiliations detected in file 10.1039_72697fa27ff10a9276d095844d6807d3.json,,['Ford Motor Company (France)'],"['USA', 'Vehicle Research and Technologies, Ford Research and Innovation Laboratory, Ford Motor Company, Dearborn, MI 48121, USA', 'Ford Research and Innovation Laboratory', 'Ford Motor Company', 'Dearborn']"
10.7554/elife.69314,10,no French affiliations detected in file 10.7554_96a8777c1900573f65dfdb31e8cff4dc.json,,['Centre for Nanoscience and Nanotechnology'],"['The Center for Nanoscience and Nanotechnology, Tel Aviv University', 'Department of Biomedical Engineering, Tel Aviv University', 'School of Neurobiology, Biochemistry and Biophysics, The George S. Wise Faculty of Life Sciences, Tel Aviv University']"
10.1016/j.jfo.2021.06.001,11,DOI not indexed,,['Fondation de Rothschild'],"['Anterior Segment and Refractive Surgery Department, Rothschild Foundation, Paris, France', 'Department of Ophthalmology, American University of Beirut Medical Center, Beirut, Lebanon']"
10.1164/rccm.202012-4461oc,10,no French affiliations detected in file 10.1164_b76ef34a8cd973168a07332626bcce3b.json,,['Institut Universitaire de Recherche Clinique'],"['Service de Soins Intensifs,', 'Pôle de pneumologie, Institut de Recherche Expérimentale et Clinique,', 'Pôle de pneumologie, Institut de Recherche Expérimentale et Clinique.', 'Service de Pneumologie, Cliniques universitaires Saint Luc, Université catholique de Louvain, Brussels, Belgium']"
10.3788/col202119.100501,17,,,['Université Paris Nanterre'],"['LEME, UPL, Université Paris Nanterre , F92410 Ville d’Avray , France']"
10.1111/1748-8583.12398,9,no affiliations detected in file 10.1111_d36888a01b5c57834e568afa0bfdddb0.json,,['EMLYON Business School'],['EMLyon Business School  Ecully France']
https://openalex.org/w3120167236,1,unable to access DOI webpage (404): https://openalex.org/w3120167236 may not be a DOI,,['Computer Science Department'],['Electrical Engineering & Computer Science Department']
10.1101/2021.01.26.428212,10,no French affiliations detected in file 10.1101_8f48fe9c52b118bdad7d6bc23eb0b98b.json,,"['École Pratique des Hautes Études', 'University of Paris-Saclay', 'Sorbonne University', 'Université Paris Cité', 'Institut Pasteur', 'French National Centre for Scientific Research', 'Sorbonne Paris Cité', 'University of Paris-Sud', 'Institut Polytechnique de Paris', 'Institut de Systématique, Évolution, Biodiversité', 'Department of Virology']","['present address: Institute of Ecology and Biological Resources, Vietnam Academy of Science and Technology, Hanoi, Vietnam', 'Institut de Systématique, Évolution, Biodiversité, Sorbonne Université, MNHN, CNRS, EPHE, UA, Paris, France', 'Institut de Recherche Biomédicale des Armées, Brétigny-sur-Orge, France', 'Université Paris-Sud/Saclay, Orsay, France', 'Evolutionary Genomics of RNA Viruses, Department of Virology, Institut Pasteur, Paris, France', 'Université de Paris, Sorbonne Paris Cité, Paris']"
10.1097/hs9.0000000000000528,1,unable to access DOI webpage (404): 10.1097/hs9.0000000000000528 may not be a DOI,,['Hôpital Claude Huriez'],"['Hôpital Claude Huriez, Lille University Hospital, Lille, France.', 'Department of Hematology, University Hospital Hôtel-Dieu, Nantes, France.']"
10.1039/d0fo01768j,10,no French affiliations detected in file 10.1039_838bac186c0027b55ce11c29e355da7e.json,,['Research Institute of Horticulture and Seeds'],"['Key Laboratory of Tea Science of Ministry of Education, National Research Center of Engineering Technology for Utilization of Functional Ingredients from Botanicals, College of Horticulture, Hunan Agricultural University, Changsha, China', 'Changsha', 'College of Horticulture']"
10.1097/inf.0000000000003294,9,no affiliations detected in file 10.1097_3f1deeb34225c1408dcb480b385903c3.json,,['Computer Emergency Response Team'],"['Apex Systems Affiliated With General Dynamics Information Technology, Atlanta, Georgia', 'Epidemic Intelligence Service, CDC', 'CDC COVID-19 Response Team', 'Oak Ridge Institute for Science and Education, Oak Ridge, Tennessee']"
10.7554/elife.73783,10,no French affiliations detected in file 10.7554_b75becc30046f2856136918913d9f241.json,,['Computer Science Department'],"['Princeton Neuroscience Institute, Princeton University', 'Computer Science Department, Princeton University']"
10.1097/shk.0000000000001823,9,no affiliations detected in file 10.1097_aa34dd622a862f7d7b3cd6fe18fb39e2.json,,"['Sanofi (France)', 'Servier (France)']","['has received honoraria for speaker engagements from Bristol-Myers Squibb, Merck Sharp & Dohme, Janssen Oncology, Astra-Zeneca. JMM reports grants and consulting honoraria from Jazz Pharmaceuticals, during the conduct of the study', 'Revised 12 May, 2021', ""Supplemental digital content is available for this article. Direct URL citation appears in the printed text and is provided in the HTML and PDF versions of this article on the journal's Web site (www.shockjournal.com)."", 'SF and ABM-C contributed equally as first authors.', 'research funding from Oncopeptides, Celgene, Takeda, and Bristol-Myers Squibb . The rest of authors have no actual or potential conflict of interest to declare.', '||Josep Carreras Leukaemia Research Institute, Hospital Clinic, University of Barcelona, Barcelona, Spain', 'Hematopoietic Transplant and Cellular Therapy Unit, Instituto Murciano de Investigación Biosanitaria IMIB-Arrixaca, Virgen de la Arrixaca University Hospital, University of Murcia, Murcia, Spain', 'Received 19 April, 2021', 'MD-R and PC contributed equally as last authors.', ""ABM-C is an advisory board member for Siemens, outside of the submitted work. MDR and EC have been granted by and received honoraria from Jazz Pharmaceuticals. PC and SF have collaborated with Jansen, Gilead, Kite, MSD, Alexion, and Pfizer, outside of the submitted work. MP received speaker's fee from Jazz Pharmaceuticals. CCC has received research support from ADC Therapeutics and Rhizen Pharmaceuticals"", 'Accepted 7 June, 2021', '#Frank H. Netter M.D. School of Medicine at Quinnipiac University, North Haven, Connecticut', 'Barcelona Endothelium Team, Barcelona, Spain', '||||Division of Hematologic Malignancy, Department of Medical Oncology, Dana-Farber Cancer Institute, Jerome Lipper Multiple Myeloma Center, Harvard Medical School, Boston, Massachusetts', 'IDIBAPS, Barcelona, Spain', 'consulting honoraria and travel expenses from Gilead, consulting honoraria from Novartis, Sandoz, and Takeda, outside the submitted work. PGR reports a consulting or advisory role for Karyopharm, Oncopeptides, Celgene, Janssen, Takeda, and Sanofi', 'ABM-C, SF, MP, PC, and MDR designed the study. SF, HV, AT, and SF contributed to sample collection. ABMC, MP, JMS, and STM performed the laboratory tests and analysis. SF and ABMC analyzed the clinical data and SF performed the statistical analysis. GE, EC, NJM, ER, DG-B, CCS, JMM, and PGR contributed with interpretation of data, correlative with outcomes, and hypothesis-generation for potential therapeutics. ABM-C, SF, PC, and MDR wrote the manuscript and all authors contributed in the editing and writing of the final manuscript. ABM-C and SF contributed equally as first authors and PC and MDR contributed equally as last authors.', 'has served as consultant or advisor for Servier, Novartis, Genenta Science srl, ADC Therapeutics, Roche, Sanofi, Karyopharm, and Jazz Pharmaceuticals']"
10.1002/14651858.cd013257.pub3,17,,,"['Université Bourgogne Franche-Comté', 'University of Franche-Comté', 'Centre Hospitalier Universitaire de Besançon', 'Methodology and Quality of Life Unit in Oncology', 'Inserm']","['Department of Thoracic Oncology; University Hospital of Besançon; Besançon France', 'Bibliothèque universitaire de Santé; Université de Franche-Comté; Besançon France', 'Université de Franche-Comte, Besancon, France.', 'Methodological and Quality of Life in Oncology Unit; University Hospital of Besançon; Besançon France', 'Université de Franche-Comté, INSERM, EFS BFC, UMR 1098, Interactions Hôte-Greffon-Tumeur/Ingénierie Cellulaire et Génique, Besançon, France; Besançon France', 'Université Bourgogne Franche-Comté, INSERM, EFS BFC, UMR 1098, Interactions Hôte-Greffon-Tumeur/Ingénierie Cellulaire et Génique; Besançon France']"
10.1039/d0qm00958j,10,no French affiliations detected in file 10.1039_c2e420b54ed837b1dbefb270a144fe68.json,,['Laboratory of Polymer Materials Engineering'],"['State Key Lab of Polymer Materials Engineering', 'Institute of Bioadditive Manufacturing', 'China', 'Jiangxi University of Science and Technology', 'Nanchang 330013']"
10.1039/d1ta01295a,10,no French affiliations detected in file 10.1039_c3ba1a6fe059c9e066f40af915a38cdd.json,,['Laboratory of Polymer Materials Engineering'],"['Hubei Collaborative Innovation Center for Advanced Organic Chemical Materials, Key Laboratory for the Green Preparation and Application of Functional Materials, Ministry of Education, Hubei Key Laboratory of Polymer Materials, School of Materials Science and Engineering, Hubei University, Wuhan 430062, P. R. China', 'State Key Laboratory of New Textile Materials & Advanced Processing Technologies, Wuhan Textile University, Wuhan 430200, P. R. China', 'Hubei Key Laboratory of Polymer Materials', 'Key Laboratory for the Green Preparation and Application of Functional Materials', 'Ministry of Education', 'School of Materials Science and Engineering']"
10.15829/1560-4071-2021-4418,11,DOI not indexed,,"['Sorbonne University', 'Assistance Publique – Hôpitaux de Paris', 'Inserm']","['Sorbonne Université, ACTION Study Group, INSERM UMRS 1166, Institut de Cardiologie, Hôpital Pitié-Salpêtrière (Assistance Publique-Hôpitaux de Paris)']"
10.1212/nxi.0000000000001068,10,no French affiliations detected in file 10.1212_1ef2a810e4d298465047e185c92c9c37.json,,"['Hospices Civils de Lyon', 'Hôpital Pierre Wertheimer']","['Neuro-Ophthalmology Division (H.S.-K.), Department of Ophthalmology, Rabin Medical Center, Petah Tikva, Israel', 'Departments of Ophthalmology and Visual Sciences (Terry Smith), Kellogg Eye Center, University of Michigan Medical School, Ann Arbor, United States of America', 'Neurology (R.M., A.C.C.), Multiple Sclerosis, Myelin Disorders and Neuroinflammation, Pierre Wertheimer Neurological Hospital, Hospices Civils de Lyon, France', 'Swedish Neuroscience Institute Neuro-Ophthalmology (E.M., C.T.), Seattle, WA', 'Neurology Service (J.d.S., Thomas Senger), University Hospital of Strasbourg, France', 'Department of Neurology (F.C.O., A.J.G.), University of California San Francisco, CA', 'Department of Neurology and Neurosurgery (D.B., I.M.T.), Escola Paulista de Medicina, Universidade Federal de São Paulo, Brazil', 'Experimental Neurophysiology Unit (L.L., Marco Pisa, Marta Radaelli), Institute of Experimental Neurology (INSPE) Scientific Institute Hospital San Raffaele and University Vita-Salute San Raffaele, Milan, Italy', 'Department of Neurology (H.J.K., J.-W.H.), National Cancer Center, Goyang, Republic of Korea', 'Departments of Neurology (N.A.), Slagelse Hospitals, Institute of Regional Health Research, University of Southern Denmark, Odense', 'Institute of Clinical Neuroimmunology (J.H.), Biomedical Center and University Hospital, Ludwig-Maximilians Universitaet Muenchen, Munich, Germany', 'Department of Neurology (J.P., A.R.-F., M.I.L.), and Department of Ophthalmology (Srilakshmi Sharma), and Department of Ophthalmology (Srilakshmi Sharma), Oxford University Hospitals, National Health Service Trust, UK', ""Department of Neurology (L.P., A.D'C.), KS Hegde Medical Academy, Nitte University, Mangalore, India"", 'The Cleveland Clinic Abu Dhabi (A.J.), United Arab Emirates', 'Department of Neurology (A.U.B.), University of California, Irvine', 'Division of Neurology (Sasitorn Siritho), Department of Medicine, Siriraj Hospital and Bumrungrad International Hospital, Bangkok, Thailand', ""Moorfield's Eye Hospital (A.P.), University College London, UK"", 'NYU Multiple Sclerosis Comprehensive Care Center (Z.R., A.R.), Department of Neurology, NYU School of Medicine, New York', 'Department of Medicine (M.R.Y.), Los Angeles Biomedical Research Institute at Harbor-University of California at Los Angeles (UCLA) Medical Center, Torrance, CA, United States of America', 'CIEM MS Research Center (M.A.L.P., M.A.F.), University of Minas Gerais, Medical School, Belo Horizonte, Brazil', 'Department of Neurology (I.S.C.), Hospital Clínico de Maracaibo, Venezuela', 'Department of Neurology (Y.M.-D.), University of Michigan Medical School, Ann Arbor', 'The Walton Centre for Neurology and Neurosurgery (A.J., S.H.), Liverpool, UK', 'Department of Pediatrics (L.C.), University of Utah, Salt Lake City', 'Sackler School of Medicine (H.S.-K.), Tel Aviv University, Israel', 'Institute of Regional Health Research (N.A., K.S.), University of Southern Denmark, Odense', 'Department of Neurology (O.A., Marius Ringelstein, P.A.), Medical Faculty, Heinrich Heine University Düsseldorf, Germany', 'Kashani MS Center (F.A.), School of Advanced Technologies in Medicine and Medical Image and Signal Processing Research Center (R.K.), Department of Ophthalmology, Isfahan Eye Research Center (A.D., Mohsen Pourazizi), Isfahan University of Medical Sciences, Iran', ""Centre d'Esclerosi Múltiple de Catalunya (Cemcat) (A.C.C.), Department of Neurology/Neuroimmunology, Hospital Universitari Vall d'Hebron, Universitat Autònoma de Barcelona, Spain"", 'From the Experimental and Clinical Research Center (F.C.O., Svenja Specovius, H.G.Z., C.C., S.M., C.B., A.U.B., F.P.), Max Delbrück Center for Molecular Medicine and Charité–Universitätsmedizin Berlin, Corporate Member of Freie Universität Berlin and Humboldt-Universität zu Berlin, Germany: NeuroCure Clinical Research Center (F.C.O., Svenja Specovius, H.G.Z., C.C., S.M., C.B., A.U.B., F.P.), Charité–Universitätsmedizin Berlin, Corporate Member of Freie Universität Berlin, Humboldt-Universität zu Berlin, Germany', 'Department of Neurology (A.A., U.T.), and Department of Ophthalmology (R.Y.), Cerrahpasa Medical Faculty, Istanbul University, Turkey', ""Hospital Clinic of Barcelona-Institut d'Investigacions (E.H.M.-L.), Biomèdiques August Pi Sunyer, (IDIBAPS), Spain""]"
10.1007/978-,1,unable to access DOI webpage (404): 10.1007/978- may not be a DOI,,['Institut de Recherche Interdisciplinaire sur les Enjeux Sociaux'],"['Institut de Recherche Interdisciplinaire sur les enjeux Sociaux - sciences sociales, politique, santé', ""Dispositifs d'Information et de Communication à l'Ère du Numérique - Paris Île-de-France""]"
https://openalex.org/w3119164154,1,unable to access DOI webpage (404): https://openalex.org/w3119164154 may not be a DOI,,['École Polytechnique'],[' Ecole Polytechnique']
10.1039/d1nr01068a,10,no French affiliations detected in file 10.1039_6b24689bfe28001e2be8fcb8c10c17c9.json,,['Institut de Neurophysiopathologie'],"['Beijing 100122', 'China', 'Neurophysiology Department', 'Beijing ChaoYang Emergency Medical Center']"
10.1055/a-1547-2282,11,DOI not indexed,,"[""Hôpital l'Archet""]","['Pôle digestif, Hôpital Universitaire L’Archet 2, Nice, France']"
10.1039/d0ra09509e,10,no French affiliations detected in file 10.1039_4bd1470fcf8996b06a0feb943ea1b2b3.json,,['Laboratory of Polymer Materials Engineering'],"['Key Laboratory of Polymer Materials of Gansu Province', 'College of Chemistry and Chemical Engineering', 'Key Laboratory of Eco-Environment-Related Polymer Materials of Ministry of Education, Key Laboratory of Polymer Materials of Gansu Province, College of Chemistry and Chemical Engineering, Northwest Normal University, Lanzhou, China', 'Department of Chemistry, Faculty of Science, University of Kordofan, El Obeid, Sudan', 'Lanzhou']"
10.1039/d1ta00433f,10,no French affiliations detected in file 10.1039_196a82408c69977b0ff3851526684e85.json,,['Laboratory of Polymer Materials Engineering'],"['China', 'Chengdu', 'College of Polymer Science and Engineering, State Key Laboratory of Polymer Materials Engineering, Sichuan University, Chengdu, China', 'State Key Laboratory of Polymer Materials Engineering']"
https://openalex.org/w3157901108,1,unable to access DOI webpage (404): https://openalex.org/w3157901108 may not be a DOI,,"['Centre de Mathématiques Appliquées', ""Laboratoire d'Informatique, du Traitement de l'Information et des Systèmes"", 'University of Rennes', 'University of Rennes 2', ""Université Côte d'Azur"", 'École Polytechnique', 'Observatoire de la Côte d’Azur', 'École Normale Supérieure de Lyon', 'Institut de Recherche en Informatique et Systèmes Aléatoires', 'Jean Monnet University', 'Criteo (France)']","['Centre de Mathématiques Appliquées - Ecole Polytechnique', 'Institut de Recherche en Informatique et Systèmes Aléatoires#TAB#', '#N#Université Jean Monnet (Saint-Étienne)#N#', 'Université de Rennes 2', ""Laboratoire d'Informatique, de Traitement de l'Information et des Systèmes"", ""Université Côte d'Azur"", 'Ecole Normale Superieure Lyon', 'Criteo AI Lab']"
10.1080/13416979.2021.1940665,9,no affiliations detected in file 10.1080_11d2b88680cf59f604245516bfe6bba4.json,,"[""Centre d'Études Scientifiques et Techniques d'Aquitaine""]","['Institut Européen De La Forêt Cultivée, Cestas, France', 'Department of Forestry Economics and Forest Planning, Albert-Ludwigs- University Freiburg, Freiburg i.Br, Germany']"
10.1109/sp40001.2021.00008,17,,,['French Institute for Research in Computer Science and Automation'],"['INRIA, Paris']"
10.2139/ssrn.3779160,10,no French affiliations detected in file 10.2139_922537634789519d89fad869c1567f25.json,,['Vaccine Research Institute'],"['University of Oxford - The Jenner Institute', 'University of Oxford - Oxford Vaccine Group']"
10.1039/d0tc04632a,10,no French affiliations detected in file 10.1039_6c708f8e7fa4af7cb48e2ad84a424e43.json,,['Laboratory of Polymer Materials Engineering'],"['Shenzhen Key Laboratory of Polymer Science and Technology', 'College of Materials Science and Engineering, Shenzhen Key Laboratory of Polymer Science and Technology, Shenzhen University, Shenzhen 518055, P. R. China', 'P. R. China']"
10.1101/2021.01.27.428529,10,no French affiliations detected in file 10.1101_57fc31ac1f57920184f31c4973313665.json,,['AstraZeneca (France)'],"['Microbial Sciences, AstraZeneca, One MedImmune Way']"
10.1164/rccm.202005-1916oc,7,landing page has not been downloaded,,['Innate Pharma (France)'],"['Institute of Innate Immunity, and.']"
10.1016/j.jtcvs.2021.06.019,11,DOI not indexed,,['Institute Mutualiste Montsouris'],"['Department of Cardiac Surgery, Institute Mutualiste Montsouris, Paris, France']"
10.1039/d1ra01763b,10,no French affiliations detected in file 10.1039_760872f844ca0b725540604858975123.json,,['Laboratory of Theoretical Physics of Condensed Matter'],"['Université de Monastir', 'Département de Physique', 'Laboratoire de la Matière Condensée et des Nanosciences']"
10.1111/jth.15538,10,no French affiliations detected in file 10.1111_fe6ea75c275e5a029b9034854f329646.json,,['Stago (France)'],"['Diagnostica Stago', 'Members of Standards Committee Medicine, Normungsausschuss NA 063-03-05 AA Hämostaseologie, Deutsches Institut für Normung e.V. (DIN).', 'These authors contributed equally to this work']"
10.1609/icwsm.v9i1.14597,10,no French affiliations detected in file 10.1609_e0c16f2bd9497d8fc61bc477f0c9af50.json,,['École Polytechnique'],"['Ecole Polytechnique and AUEB', ' Ecole Polytechnique']"
10.1039/d0ra07529a,10,no French affiliations detected in file 10.1039_af3a59068a4ef8dfc7cb8156ff4a3d1d.json,,['Laboratory of Solid State Physics'],"['Nur-Sultan 010008', 'Laboratory of Solid State Physics, The Institute of Nuclear Physics, Almaty 050032, Kazakhstan', 'Engineering Profile Laboratory, L. N. Gumilyov Eurasian National University, Nur-Sultan 010008, Kazakhstan', 'Laboratory of Solid State Physics', 'Department of Intelligent Information Technologies, Ural Federal University Named after the First President of Russia B. N. Yeltsin, 620075 Yekaterinburg, Russia']"
10.1039/d0nr07548e,10,no French affiliations detected in file 10.1039_6abc1be5b486d1e7b2065cd8d236b18c.json,,['Neurochlore (France)'],"['Physics Division', 'Pakistan', 'Nanomaterials Research Group', 'Nilore 45650', 'PINSTECH']"
10.1177/00018392211005756,7,landing page has not been downloaded,,['IESEG School of Management'],['IESE-Business School']
10.3171/2020.3.jns193434,10,no French affiliations detected in file 10.3171_b860500e5f4354221ccc9b1de9c08b32.json,,['Biomedical Imaging Lab'],"['Radiology and Biomedical Imaging,']"
10.1039/d1cp02602j,10,no French affiliations detected in file 10.1039_9e5226635bfcc10dbb6117babc64f518.json,,['Schiller International University'],"['Computer-Chemie-Centrum and Interdisciplinary Center for Molecular Materials', 'Department of Chemistry and Pharmacy', 'Erlangen-Nürnberg', 'Friedrich-Alexander-Universität', '91052 Erlangen']"
https://openalex.org/w1482536138,1,unable to access DOI webpage (404): https://openalex.org/w1482536138 may not be a DOI,,['Institute for the History and Philosophy of Science and Technology'],"[""Institut d'Histoire et de Philosophie des Sciences et des Techniques""]"
10.1097/ppo.0000000000000497,9,no affiliations detected in file 10.1097_fc63def078891b6604f9fb9738b7601c.json,,['Gilead Sciences (France)'],"['travel support from Bristol-Myers Squibb, Genentech/Roche, and Novartis', 'reports royalties from Aduro.', 'honoraria and travel support from AstraZeneca, Bayer, MacroGenics, Replimune, and Vaccinex', 'Reprints: Leisha A. Emens, MD, PhD, UPMC Hillman Cancer Center, 5117 Centre Ave, Room 1.46e, Pittsburgh, PA 15213. E-mail: [email\xa0protected].', 'Conflicts of Interest and Sources of Funding: L.A.E. is cochair of the steering committee for the IMpassion130 study and chair of the KATE2 study steering committee', 'reports institutional support from Aduro Biotech, AstraZeneca, the Breast Cancer Research Foundation, Bristol-Myers Squibb, Bolt Therapeutics, Corvus, the US Department of Defense, EMD Serono, Genentech, MaxCyte, Merck, the National Cancer Institute, the NSABP Foundation, Roche, Silverback, the Translational Breast Cancer Research Consortium, Tempest, and HeritX', 'has potential future stock from MolecuVax', 'reports honoraria from AbbVie, Amgen, Celgene, Chugai, Gilead, Gritstone, GPCR, MedImmune, Peregrine, Shionogi, and Syndax']"
10.1039/d0qm00802h,10,no French affiliations detected in file 10.1039_63e139cf0c8821193fc53fef7322f972.json,,['Centre for Nanoscience and Nanotechnology'],"['Siksha ‘O’ Anusandhan (Deemed to be University)', 'India', 'Bhubaneswar 751030', 'Centre for Nanoscience and Nanotechnology']"
10.1039/d1nr01092a,10,no French affiliations detected in file 10.1039_0d637da262b04afb9dcab48845602093.json,,['SOS Oxygène (France)'],"['School of Science', 'Tibet University', 'and Institute of Oxygen Supply', 'Lhasa 850000', 'Department of Physics']"
10.1371/journal.pcbi.1008881,11,DOI not indexed,,['Mines Saint-Étienne'],"['Ecole des Mines de Saint-Étienne, Saint-Étienne, France']"
10.1039/d0ta09570b,9,no affiliations detected in file 10.1039_405da36d16418c8adc61deef89538ab4.json,,['Computer Science Department'],"['Computer Science and Artificial Intelligence Lab (CSAIL), Electrical Engineering and Computer Science Department, Massachusetts Institute of Technology Cambridge, MA 02139, USA', 'Electrical Engineering and Computer Science Department', 'MA 02139', 'USA']"
10.1109/iccv48922.2021.00568,10,no French affiliations detected in file 10.1109_bccc37a10bcd99a8a05fa5c31ae2af30.json,,['Huawei Technologies (France)'],"['Huawei Technologies,Distributed and Parallel Software Lab']"
10.1253/circj.cj-20-0854,10,no French affiliations detected in file 10.1253_2bb6e4e2a75df6b10fdef39366009857.json,,['Novartis (France)'],['Novartis Pharma K.K.']
10.1016/j.infoecopol.2020.100853,10,no French affiliations detected in file 10.1016_f036b53c21e2a790d38a3c3264c19c0a.json,,['Toulouse School of Economics'],"['Università di Bologna, Toulouse School of Economics, CEPR and CSEF']"
10.1039/d0en01280g,10,no French affiliations detected in file 10.1039_829bd443a8e9a9e884c0f273e1ca5afa.json,,['Computer Emergency Response Team'],"['Cincinnati', 'USA', 'U. S. Environmental Protection Agency', 'Office of Research and Development', 'Center for Environmental Solutions and Emergency Response']"
10.1016/j.matpr.2020.12.1100,10,no French affiliations detected in file 10.1016_74bbbf9084bb4563fbd226274431f7b3.json,,['Arts et Metiers Institute of Technology'],"['Team of Innovative Materials and Mechanical Manufacturing Process, ENSAM, Moulay Ismail University, BP 15290, Al Mansour, Meknes, Morocco', 'Laboratory of Organic and Inorganic Chemistry, Electrochemistry and Environment, Department of Chemistry, Faculty of Sciences, Ibn Tofaïl University, B.P. 242, 14000 Kenitra, Morocco']"
10.3389/fagro.2021.676208,11,DOI not indexed,,"['École de Biologie Industrielle', 'Laboratoire des Matériaux Avancés']","['EBI-Ecole de Biologie Industriel, Cergy, France', 'Département de Biologie, Faculté des Sciences, Université Badji Mokhtar, Laboratoire des Systèmes et Matériaux Avancés, Annaba, Algérie']"
10.18653/v1/2021.emnlp-demo.21,9,no affiliations detected in file 10.18653_93ca8559196e531a4de03c0fee10f795.json,,['EURECOM'],[]
10.1039/d0dt04388e,10,no French affiliations detected in file 10.1039_865db339e84de467bd40cf4fbd345dd0.json,,['Laboratory of Polymer Materials Engineering'],"['Fujian Provincial Key Laboratory of Polymer Materials', 'College of Chemistry and Materials Science, Fujian Provincial Key Laboratory of Polymer Materials, Fujian Normal University, Fuzhou 350007, China', 'China', 'Fuzhou 350007']"
10.1007/978-3-030-78086-9_1,10,no French affiliations detected in file 10.1007_2f9c61f5719362637d4191f9b4264bdb.json,,['Zone Atelier Moselle'],"['Zama, Paris, France']"
10.1039/d0ta12425g,10,no French affiliations detected in file 10.1039_4d84ebc5637852ba5af9498e4981a9b8.json,,[],[]
10.1101/2021.04.20.440647,10,no French affiliations detected in file 10.1101_759260c8d6ac02ea03d17b6e72aa6ad8.json,,['Vaccine Research Institute'],"['National Institute of Allergy and Infectious Diseases', 'United States of America', 'Vaccine Research Center', 'Bethesda, Maryland, 20892', 'National Institutes of Health']"
https://openalex.org/w3166707765,1,unable to access DOI webpage (404): https://openalex.org/w3166707765 may not be a DOI,,"['National Research Institute for Agriculture, Food and Environment']",['INRAE']
10.3389/fenvs.2021.657533,11,DOI not indexed,,['Montpellier Business School'],"['Finance, Control and Law, Montpellier Business School, France', 'Department of Accounting, Analysis and Audit, South Ural State University, Chelyabinsk, Russia Federation']"
10.1039/d0cs01002b,10,no French affiliations detected in file 10.1039_239d8438f54fd73348e4240a1433a426.json,,['Chemo (France)'],"['Changsha', 'College of Chemistry and Chemical Engineering', 'State Key Laboratory for Chemo/Biosensing and Chemometrics', 'Hunan Key Laboratory of Two-Dimensional Materials, State Key Laboratory for Chemo/Biosensing and Chemometrics, College of Chemistry and Chemical Engineering, Hunan University, Changsha, China']"
10.1016/j.adapen.2021.100052,11,DOI not indexed,,['Engie (France)'],"['Engie SA La Défense, Courbevoie, France', 'Walker Department of Mechanical Engineering The University of Texas at Austin 204 E Dean Keeton St, Austin, TX 78712 United States']"
10.1017/s104795112100281x,11,DOI not indexed,,['Hôpital Necker-Enfants Malades'],"['Congenital and Pediatric Medico-Surgical Unit, Necker Hospital-M3C, Paris, France']"
10.1029/2021tc006985,17,,,"['Grenoble Alpes University', 'Claude Bernard University Lyon 1', 'Université Gustave Eiffel', 'Institut des Sciences de la Terre', 'French National Centre for Scientific Research']","['ISTerre Université Grenoble Alpes CNRS  Grenoble France', 'Laboratoire de géologie de Lyon CNRS Université de Lyon  Villeurbanne France']"
10.1002/14651858.cd011535.pub4,17,,,"['Centre Hospitalier Universitaire Henri-Mondor', 'Université Paris-Est Créteil', 'Université Paris Cité', 'Sorbonne Paris Cité', 'Inserm']","['Epidemiology in Dermatology and Evaluation of Therapeutics (EpiDermE) - EA 7379; Université Paris Est Créteil (UPEC); Créteil France', 'Clinical Investigation Centre; Hôpital Henri Mondor; Créteil France', 'Cochrane France; Paris France', 'Department of Dermatology; Hôpital Henri Mondor; Créteil France', 'Université de Paris, Centre of Research in Epidemiology and Statistics (CRESS), INSERM, F-75004; Paris France']"
10.1109/tpami.2019.2952114,11,DOI not indexed,,"['PSL Research University', 'French National Centre for Scientific Research']","['CIIRC—Czech Institute of Informatics, Robotics, and Cybernetics, Czech Technical University in Prague, Praha, Czechia', 'Willow, Inria, Departement dinformatique, Ecole normale superieure, CNRS, PSL Research University, Paris, France']"
10.1039/d0an01482f,9,no affiliations detected in file 10.1039_de68a2b444cde46afdd166c0ebc90c46.json,,['Laboratory of Integrative Cancer Immunology'],"['Liverpool L69 7ZB', 'Department of Biochemistry and Systems Biology, Institute of Systems, Molecular and Integrative Biology, University of Liverpool, Biosciences Building, Crown Street, Liverpool L69 7ZB, UK', 'Molecular and Integrative Biology', 'Institute of Systems']"
10.1007/s12083-021-01074-w,10,no French affiliations detected in file 10.1007_51d032153daa4327b76cc2a9c7b920ae.json,,['Antea Group (France)'],"['Ant Group, Sunnyvale, US']"
10.1039/d0gc03883k,7,landing page has not been downloaded,,['Laboratory of Organic Synthesis'],"['80131 Naples', 'University of Naples ‘Federico II’', 'Department of Pharmacy', 'Italy', 'SPOTS-LAB – Sustainable Pharmaceutical and Organic Technology and Synthesis Laboratory']"
10.1007/978-3-031-01878-7,10,no French affiliations detected in file 10.1007_c636d110221865a402afc0bb7f0060f7.json,,['Université Paris Cité'],"['University of Paris, France', 'French University Institute (IUF), France']"
10.1039/d1sc01127h,10,no French affiliations detected in file 10.1039_4da8541ff217b84f210c8faf8e5a52c1.json,,"['Laboratory of Organic Synthesis', 'Institut de Chimie']","['Institut des Sciences et Ingénierie Chimique', 'Switzerland', 'Laboratory of Catalysis and Organic Synthesis', 'Ecole Polytechnique Fédérale de Lausanne', 'Lausanne']"
10.1039/d1ta03335b,7,landing page has not been downloaded,,['Laboratory of Polymer Materials Engineering'],"['College of Chemistry', 'State Key Laboratory of Polymer Materials Engineering', 'Chengdu 610064', 'Collaborative Innovation Center for Eco-Friendly and Fire-Safety Polymeric Materials (MoE), State Key Laboratory of Polymer Materials Engineering, College of Chemistry, Sichuan University, Chengdu 610064, China']"
